[
  {
    "model": "users.user",
    "pk": 1,
    "fields": {
      "password": "pbkdf2_sha256$1000000$PxCS4Unrn9rRY8NuQeHqw8$V4bICiii8p+kYvsG9sIAuhL3SW/RJX2VI4f8PSoBg0o=",
      "last_login": "2025-09-22T14:47:01.980",
      "is_superuser": true,
      "username": "admin",
      "first_name": "",
      "last_name": "",
      "email": "a@dm.im",
      "is_staff": true,
      "is_active": true,
      "date_joined": "2025-09-22T14:46:36.667",
      "groups": [],
      "user_permissions": []
    }
  },
  {
    "model": "users.brand",
    "pk": 1,
    "fields": {
      "brand_name": "Apple"
    }
  },
  {
    "model": "users.brand",
    "pk": 2,
    "fields": {
      "brand_name": "Samsung"
    }
  },
  {
    "model": "users.goods_category",
    "pk": 1,
    "fields": {
      "category_name": "Smartphone"
    }
  },
  {
    "model": "users.goods_category",
    "pk": 2,
    "fields": {
      "category_name": "Tablet"
    }
  },
  {
    "model": "users.goods",
    "pk": 1,
    "fields": {
      "goods_name": "iPhone 17",
      "goods_descr": "iPhone 17 - базовая версия смартфона 2025 года",
      "goods_price": "85000.00",
      "goods_img": "goods/Apple_iPhone_17.jpg",
      "goods_category_id": 1,
      "brand_id": 1
    }
  },
  {
    "model": "users.goods",
    "pk": 2,
    "fields": {
      "goods_name": "iPhone 17 Pro Max",
      "goods_descr": "iPhone 17 Pro Max - топовый смартфон 2025 года",
      "goods_price": "159000.00",
      "goods_img": "goods/Apple_iphone17promax.jpg",
      "goods_category_id": 1,
      "brand_id": 1
    }
  },
  {
    "model": "users.goods",
    "pk": 3,
    "fields": {
      "goods_name": "iPhone Air",
      "goods_descr": "iPhone Air - самый тонкий смартфон компании Apple в 2025 году",
      "goods_price": "129000.00",
      "goods_img": "goods/Apple_iPhone_Air.jpg",
      "goods_category_id": 1,
      "brand_id": 1
    }
  },
  {
    "model": "users.goods",
    "pk": 4,
    "fields": {
      "goods_name": "Galaxy S24 Ultra",
      "goods_descr": "Galaxy S24 Ultra топовый смартфон компании Samsung в 2024 году",
      "goods_price": "86725.00",
      "goods_img": "goods/Samsung_Galaxy_S24_Ultra.jpg",
      "goods_category_id": 1,
      "brand_id": 2
    }
  },
  {
    "model": "users.goods",
    "pk": 5,
    "fields": {
      "goods_name": "iPad Pro M4 11",
      "goods_descr": "Планшет Apple iPad Pro 11 2024 M4, 256 ГБ, Wi-Fi, space black — это мощное и функциональное устройство, которое станет отличным выбором для работы и развлечений.\r\nОсновные характеристики:\r\nЭкран: 11 дюймов, технология Tandem OLED.\r\nПамять: 256 ГБ.\r\nПроцессор: Apple M4.\r\nКамера: широкоугольная 12 Мп.\r\nАккумулятор: поддерживает беспроводную зарядку.\r\nКорпус: выполнен из алюминия, задняя панель отделана стеклом.\r\nЗащита: стандарт IP68, планшет может без вреда для себя погружаться на глубину до 6 метров.\r\nПланшет оснащён Wi-Fi для выхода в Сеть там, где есть точка доступа, Bluetooth версии 5.3 для связи с совместимыми устройствами и NFC для бесконтактной оплаты и других задач.\r\nОсновная камера планшета позволяет снимать видео 4K ProRes, переключаться на видеозвонок с помощью новой горизонтальной фронтальной камеры и снимать значительно улучшенные сканы документов, дополненные ИИ.\r\nПланшет выполнен в чёрном цвете и имеет стильный дизайн. Он станет отличным выбором для тех, кто ценит качество и функциональность",
      "goods_price": "74758.00",
      "goods_img": "goods/Apple_iPad_Pro_11_2024_M4_.jpg",
      "goods_category_id": 2,
      "brand_id": 1
    }
  },
  {
    "model": "users.warehouse",
    "pk": 1,
    "fields": {
      "warehouse_id": 1,
      "goods_id": 4,
      "goods_cnt": 64
    }
  },
  {
    "model": "users.warehouse",
    "pk": 2,
    "fields": {
      "warehouse_id": 1,
      "goods_id": 3,
      "goods_cnt": 86
    }
  },
  {
    "model": "users.warehouse",
    "pk": 3,
    "fields": {
      "warehouse_id": 1,
      "goods_id": 2,
      "goods_cnt": 371
    }
  },
  {
    "model": "users.warehouse",
    "pk": 4,
    "fields": {
      "warehouse_id": 1,
      "goods_id": 1,
      "goods_cnt": 687
    }
  },
  {
    "model": "users.customers",
    "pk": 1,
    "fields": {
      "customer_name": "Test1",
      "customer_surname": "Surname2",
      "customer_patronym": "Patronym3",
      "customer_address": "ывсывсывывы",
      "customer_email": "dimonrond@gmail.com",
      "customer_phone": "2147483647",
      "customer_password": "1"
    }
  },
  {
    "model": "users.customers",
    "pk": 2,
    "fields": {
      "customer_name": "Ivan",
      "customer_surname": "Ivanov",
      "customer_patronym": "Ivanovitch",
      "customer_address": "assd asasd 342",
      "customer_email": "ivan@iv.an",
      "customer_phone": "79080000000",
      "customer_password": "1"
    }
  },
  {
    "model": "users.customers",
    "pk": 3,
    "fields": {
      "customer_name": "Petr",
      "customer_surname": "Petrov",
      "customer_patronym": "Petrovitch",
      "customer_address": "assd asasd 133 str. 2",
      "customer_email": "petr@iv.an",
      "customer_phone": "79080000001",
      "customer_password": "1"
    }
  },
  {
    "model": "users.status",
    "pk": 1,
    "fields": {
      "status_name": "Создан"
    }
  },
  {
    "model": "users.status",
    "pk": 2,
    "fields": {
      "status_name": "В пути"
    }
  },
  {
    "model": "users.status",
    "pk": 3,
    "fields": {
      "status_name": "Ожидает получения"
    }
  },
  {
    "model": "users.status",
    "pk": 4,
    "fields": {
      "status_name": "Получен"
    }
  },
  {
    "model": "users.orders",
    "pk": 10,
    "fields": {
      "customer_id": 1,
      "order_date": "2025-09-24T15:49:56.688"
    }
  },
  {
    "model": "users.orders",
    "pk": 12,
    "fields": {
      "customer_id": 1,
      "order_date": "2025-09-24T15:51:20.668"
    }
  },
  {
    "model": "users.orders",
    "pk": 13,
    "fields": {
      "customer_id": 1,
      "order_date": "2025-09-24T15:53:58.245"
    }
  },
  {
    "model": "users.orders",
    "pk": 14,
    "fields": {
      "customer_id": 1,
      "order_date": "2025-09-24T15:57:56.406"
    }
  },
  {
    "model": "users.orders",
    "pk": 15,
    "fields": {
      "customer_id": 1,
      "order_date": "2025-09-24T16:03:13.542"
    }
  },
  {
    "model": "users.orders",
    "pk": 29,
    "fields": {
      "customer_id": 1,
      "order_date": "2025-09-25T12:43:42.071"
    }
  },
  {
    "model": "users.orders",
    "pk": 30,
    "fields": {
      "customer_id": 1,
      "order_date": "2025-09-25T12:45:51.569"
    }
  },
  {
    "model": "users.orders",
    "pk": 31,
    "fields": {
      "customer_id": 1,
      "order_date": "2025-09-25T12:51:45.530"
    }
  },
  {
    "model": "users.orders",
    "pk": 32,
    "fields": {
      "customer_id": 1,
      "order_date": "2025-09-25T12:58:29.657"
    }
  },
  {
    "model": "users.orders",
    "pk": 33,
    "fields": {
      "customer_id": 1,
      "order_date": "2025-09-25T12:59:30.737"
    }
  },
  {
    "model": "users.orders",
    "pk": 34,
    "fields": {
      "customer_id": 1,
      "order_date": "2025-09-25T13:00:21.909"
    }
  },
  {
    "model": "users.orders",
    "pk": 35,
    "fields": {
      "customer_id": 1,
      "order_date": "2025-09-25T15:54:39.238"
    }
  },
  {
    "model": "users.orders",
    "pk": 36,
    "fields": {
      "customer_id": 1,
      "order_date": "2025-09-25T16:12:24.026"
    }
  },
  {
    "model": "users.orders",
    "pk": 37,
    "fields": {
      "customer_id": 1,
      "order_date": "2025-09-25T16:15:16.271"
    }
  },
  {
    "model": "users.orders",
    "pk": 38,
    "fields": {
      "customer_id": 1,
      "order_date": "2025-09-25T17:17:29.761"
    }
  },
  {
    "model": "users.orders",
    "pk": 39,
    "fields": {
      "customer_id": 3,
      "order_date": "2025-09-25T17:30:17.933"
    }
  },
  {
    "model": "users.order_status",
    "pk": 2,
    "fields": {
      "order_id": 34,
      "sdate": "2025-09-25T13:00:21.918",
      "edate": "2099-01-01T00:00:00",
      "order_status_id": 1
    }
  },
  {
    "model": "users.order_status",
    "pk": 3,
    "fields": {
      "order_id": 33,
      "sdate": "2025-09-23T00:00:00",
      "edate": "2025-09-24T00:00:00",
      "order_status_id": 1
    }
  },
  {
    "model": "users.order_status",
    "pk": 4,
    "fields": {
      "order_id": 33,
      "sdate": "2025-09-23T00:00:00",
      "edate": "2099-01-01T00:00:00",
      "order_status_id": 2
    }
  },
  {
    "model": "users.order_status",
    "pk": 5,
    "fields": {
      "order_id": 29,
      "sdate": "2025-09-01T00:00:00",
      "edate": "2025-09-03T00:00:00",
      "order_status_id": 1
    }
  },
  {
    "model": "users.order_status",
    "pk": 6,
    "fields": {
      "order_id": 29,
      "sdate": "2025-09-03T00:00:00",
      "edate": "2025-09-12T00:00:00",
      "order_status_id": 2
    }
  },
  {
    "model": "users.order_status",
    "pk": 7,
    "fields": {
      "order_id": 29,
      "sdate": "2025-09-12T00:00:00",
      "edate": "2025-09-14T00:00:00",
      "order_status_id": 3
    }
  },
  {
    "model": "users.order_status",
    "pk": 8,
    "fields": {
      "order_id": 29,
      "sdate": "2025-09-14T00:00:00",
      "edate": "2099-01-01T00:00:00",
      "order_status_id": 4
    }
  },
  {
    "model": "users.order_status",
    "pk": 9,
    "fields": {
      "order_id": 35,
      "sdate": "2025-09-25T15:54:39.254",
      "edate": "2099-01-01T00:00:00",
      "order_status_id": 1
    }
  },
  {
    "model": "users.order_status",
    "pk": 11,
    "fields": {
      "order_id": 36,
      "sdate": "2025-09-25T16:12:24.046",
      "edate": "2099-01-01T00:00:00",
      "order_status_id": 1
    }
  },
  {
    "model": "users.order_status",
    "pk": 12,
    "fields": {
      "order_id": 37,
      "sdate": "2025-09-25T16:15:16.289",
      "edate": "2099-01-01T00:00:00",
      "order_status_id": 1
    }
  },
  {
    "model": "users.order_status",
    "pk": 13,
    "fields": {
      "order_id": 38,
      "sdate": "2025-09-25T17:17:29.779",
      "edate": "2099-01-01T00:00:00",
      "order_status_id": 1
    }
  },
  {
    "model": "users.order_status",
    "pk": 14,
    "fields": {
      "order_id": 39,
      "sdate": "2025-09-25T17:30:17.947",
      "edate": "2099-01-01T00:00:00",
      "order_status_id": 1
    }
  },
  {
    "model": "users.order_goods",
    "pk": 8,
    "fields": {
      "order_id": 10,
      "goods_id": 1,
      "goods_cnt": 6
    }
  },
  {
    "model": "users.order_goods",
    "pk": 9,
    "fields": {
      "order_id": 10,
      "goods_id": 3,
      "goods_cnt": 6
    }
  },
  {
    "model": "users.order_goods",
    "pk": 10,
    "fields": {
      "order_id": 12,
      "goods_id": 3,
      "goods_cnt": 7
    }
  },
  {
    "model": "users.order_goods",
    "pk": 11,
    "fields": {
      "order_id": 12,
      "goods_id": 4,
      "goods_cnt": 7
    }
  },
  {
    "model": "users.order_goods",
    "pk": 12,
    "fields": {
      "order_id": 13,
      "goods_id": 4,
      "goods_cnt": 8
    }
  },
  {
    "model": "users.order_goods",
    "pk": 13,
    "fields": {
      "order_id": 13,
      "goods_id": 2,
      "goods_cnt": 8
    }
  },
  {
    "model": "users.order_goods",
    "pk": 14,
    "fields": {
      "order_id": 14,
      "goods_id": 2,
      "goods_cnt": 1
    }
  },
  {
    "model": "users.order_goods",
    "pk": 15,
    "fields": {
      "order_id": 15,
      "goods_id": 2,
      "goods_cnt": 1
    }
  },
  {
    "model": "users.order_goods",
    "pk": 28,
    "fields": {
      "order_id": 29,
      "goods_id": 2,
      "goods_cnt": 1
    }
  },
  {
    "model": "users.order_goods",
    "pk": 29,
    "fields": {
      "order_id": 29,
      "goods_id": 4,
      "goods_cnt": 1
    }
  },
  {
    "model": "users.order_goods",
    "pk": 30,
    "fields": {
      "order_id": 29,
      "goods_id": 3,
      "goods_cnt": 1
    }
  },
  {
    "model": "users.order_goods",
    "pk": 31,
    "fields": {
      "order_id": 29,
      "goods_id": 1,
      "goods_cnt": 1
    }
  },
  {
    "model": "users.order_goods",
    "pk": 32,
    "fields": {
      "order_id": 30,
      "goods_id": 4,
      "goods_cnt": 2
    }
  },
  {
    "model": "users.order_goods",
    "pk": 33,
    "fields": {
      "order_id": 30,
      "goods_id": 1,
      "goods_cnt": 1
    }
  },
  {
    "model": "users.order_goods",
    "pk": 34,
    "fields": {
      "order_id": 31,
      "goods_id": 1,
      "goods_cnt": 1
    }
  },
  {
    "model": "users.order_goods",
    "pk": 35,
    "fields": {
      "order_id": 32,
      "goods_id": 1,
      "goods_cnt": 1
    }
  },
  {
    "model": "users.order_goods",
    "pk": 36,
    "fields": {
      "order_id": 33,
      "goods_id": 1,
      "goods_cnt": 1
    }
  },
  {
    "model": "users.order_goods",
    "pk": 37,
    "fields": {
      "order_id": 34,
      "goods_id": 1,
      "goods_cnt": 1
    }
  },
  {
    "model": "users.order_goods",
    "pk": 38,
    "fields": {
      "order_id": 35,
      "goods_id": 2,
      "goods_cnt": 3
    }
  },
  {
    "model": "users.order_goods",
    "pk": 39,
    "fields": {
      "order_id": 35,
      "goods_id": 4,
      "goods_cnt": 2
    }
  },
  {
    "model": "users.order_goods",
    "pk": 40,
    "fields": {
      "order_id": 36,
      "goods_id": 4,
      "goods_cnt": 1
    }
  },
  {
    "model": "users.order_goods",
    "pk": 41,
    "fields": {
      "order_id": 37,
      "goods_id": 4,
      "goods_cnt": 1
    }
  },
  {
    "model": "users.order_goods",
    "pk": 42,
    "fields": {
      "order_id": 38,
      "goods_id": 4,
      "goods_cnt": 1
    }
  },
  {
    "model": "users.order_goods",
    "pk": 43,
    "fields": {
      "order_id": 39,
      "goods_id": 1,
      "goods_cnt": 1
    }
  },
  {
    "model": "users.cart",
    "pk": 64,
    "fields": {
      "customer_id": 1,
      "goods_id": 2,
      "goods_cnt": 1
    }
  },
  {
    "model": "admin_interface.theme",
    "pk": 1,
    "fields": {
      "name": "Django",
      "active": true,
      "title": "Django administration",
      "title_color": "#F5DD5D",
      "title_visible": true,
      "logo": "",
      "logo_color": "#FFFFFF",
      "logo_max_width": 400,
      "logo_max_height": 100,
      "logo_visible": true,
      "favicon": "",
      "env_name": "",
      "env_color": "#E74C3C",
      "env_visible_in_header": true,
      "env_visible_in_favicon": true,
      "language_chooser_active": true,
      "language_chooser_control": "default-select",
      "language_chooser_display": "code",
      "css_header_background_color": "#0C4B33",
      "css_header_text_color": "#44B78B",
      "css_header_link_color": "#FFFFFF",
      "css_header_link_hover_color": "#C9F0DD",
      "css_module_background_color": "#44B78B",
      "css_module_background_selected_color": "#FFFFCC",
      "css_module_text_color": "#FFFFFF",
      "css_module_link_color": "#FFFFFF",
      "css_module_link_selected_color": "#FFFFFF",
      "css_module_link_hover_color": "#C9F0DD",
      "css_module_rounded_corners": true,
      "css_generic_link_color": "#0C3C26",
      "css_generic_link_hover_color": "#156641",
      "css_generic_link_active_color": "#29B864",
      "css_save_button_background_color": "#0C4B33",
      "css_save_button_background_hover_color": "#0C3C26",
      "css_save_button_text_color": "#FFFFFF",
      "css_delete_button_background_color": "#BA2121",
      "css_delete_button_background_hover_color": "#A41515",
      "css_delete_button_text_color": "#FFFFFF",
      "related_modal_active": true,
      "related_modal_background_color": "#000000",
      "related_modal_background_opacity": "0.3",
      "related_modal_rounded_corners": true,
      "related_modal_close_button_visible": true,
      "list_filter_highlight": true,
      "list_filter_dropdown": true,
      "list_filter_sticky": true,
      "list_filter_removal_links": false,
      "foldable_apps": true,
      "show_fieldsets_as_tabs": false,
      "show_inlines_as_tabs": false,
      "collapsible_stacked_inlines": false,
      "collapsible_stacked_inlines_collapsed": true,
      "collapsible_tabular_inlines": false,
      "collapsible_tabular_inlines_collapsed": true,
      "recent_actions_visible": true,
      "form_submit_sticky": false,
      "form_pagination_sticky": false
    }
  },
  {
    "model": "admin.logentry",
    "pk": 1,
    "fields": {
      "action_time": "2025-09-22T15:34:53.354",
      "user": 1,
      "content_type": 4,
      "object_id": "2",
      "object_repr": "Tablet",
      "action_flag": 1,
      "change_message": "[{\"added\": {}}]"
    }
  },
  {
    "model": "admin.logentry",
    "pk": 2,
    "fields": {
      "action_time": "2025-09-22T15:35:33.044",
      "user": 1,
      "content_type": 5,
      "object_id": "1",
      "object_repr": "Status object (1)",
      "action_flag": 1,
      "change_message": "[{\"added\": {}}]"
    }
  },
  {
    "model": "admin.logentry",
    "pk": 3,
    "fields": {
      "action_time": "2025-09-22T15:36:10.887",
      "user": 1,
      "content_type": 5,
      "object_id": "2",
      "object_repr": "Status object (2)",
      "action_flag": 1,
      "change_message": "[{\"added\": {}}]"
    }
  },
  {
    "model": "admin.logentry",
    "pk": 4,
    "fields": {
      "action_time": "2025-09-22T15:36:18.692",
      "user": 1,
      "content_type": 5,
      "object_id": "3",
      "object_repr": "Status object (3)",
      "action_flag": 1,
      "change_message": "[{\"added\": {}}]"
    }
  },
  {
    "model": "admin.logentry",
    "pk": 5,
    "fields": {
      "action_time": "2025-09-22T15:36:24.664",
      "user": 1,
      "content_type": 5,
      "object_id": "4",
      "object_repr": "Status object (4)",
      "action_flag": 1,
      "change_message": "[{\"added\": {}}]"
    }
  },
  {
    "model": "admin.logentry",
    "pk": 6,
    "fields": {
      "action_time": "2025-09-22T15:44:16.942",
      "user": 1,
      "content_type": 17,
      "object_id": "1",
      "object_repr": "Apple",
      "action_flag": 1,
      "change_message": "[{\"added\": {}}]"
    }
  },
  {
    "model": "admin.logentry",
    "pk": 7,
    "fields": {
      "action_time": "2025-09-22T15:44:21.930",
      "user": 1,
      "content_type": 17,
      "object_id": "2",
      "object_repr": "Samsung",
      "action_flag": 1,
      "change_message": "[{\"added\": {}}]"
    }
  },
  {
    "model": "admin.logentry",
    "pk": 8,
    "fields": {
      "action_time": "2025-09-22T15:46:29.492",
      "user": 1,
      "content_type": 3,
      "object_id": "1",
      "object_repr": "Goods object (1)",
      "action_flag": 1,
      "change_message": "[{\"added\": {}}]"
    }
  },
  {
    "model": "admin.logentry",
    "pk": 9,
    "fields": {
      "action_time": "2025-09-22T15:48:40.954",
      "user": 1,
      "content_type": 3,
      "object_id": "2",
      "object_repr": "Goods object (2)",
      "action_flag": 1,
      "change_message": "[{\"added\": {}}]"
    }
  },
  {
    "model": "admin.logentry",
    "pk": 10,
    "fields": {
      "action_time": "2025-09-22T15:50:00.210",
      "user": 1,
      "content_type": 3,
      "object_id": "3",
      "object_repr": "Goods object (3)",
      "action_flag": 1,
      "change_message": "[{\"added\": {}}]"
    }
  },
  {
    "model": "admin.logentry",
    "pk": 11,
    "fields": {
      "action_time": "2025-09-22T15:51:41.994",
      "user": 1,
      "content_type": 3,
      "object_id": "4",
      "object_repr": "Goods object (4)",
      "action_flag": 1,
      "change_message": "[{\"added\": {}}]"
    }
  },
  {
    "model": "admin.logentry",
    "pk": 12,
    "fields": {
      "action_time": "2025-09-22T16:24:56.774",
      "user": 1,
      "content_type": 3,
      "object_id": "1",
      "object_repr": "Apple iPhone 17",
      "action_flag": 2,
      "change_message": "[{\"changed\": {\"fields\": [\"Goods img\"]}}]"
    }
  },
  {
    "model": "admin.logentry",
    "pk": 13,
    "fields": {
      "action_time": "2025-09-22T16:25:05.728",
      "user": 1,
      "content_type": 3,
      "object_id": "2",
      "object_repr": "Apple iPhone 17 Pro Max",
      "action_flag": 2,
      "change_message": "[{\"changed\": {\"fields\": [\"Goods img\"]}}]"
    }
  },
  {
    "model": "admin.logentry",
    "pk": 14,
    "fields": {
      "action_time": "2025-09-22T16:26:43.493",
      "user": 1,
      "content_type": 3,
      "object_id": "4",
      "object_repr": "Samsung Galaxy S24 Ultra",
      "action_flag": 2,
      "change_message": "[{\"changed\": {\"fields\": [\"Goods img\"]}}]"
    }
  },
  {
    "model": "admin.logentry",
    "pk": 15,
    "fields": {
      "action_time": "2025-09-22T16:26:49.431",
      "user": 1,
      "content_type": 3,
      "object_id": "3",
      "object_repr": "Apple iPhone Air",
      "action_flag": 2,
      "change_message": "[{\"changed\": {\"fields\": [\"Goods img\"]}}]"
    }
  },
  {
    "model": "admin.logentry",
    "pk": 16,
    "fields": {
      "action_time": "2025-09-22T16:36:30.637",
      "user": 1,
      "content_type": 3,
      "object_id": "4",
      "object_repr": "Samsung Galaxy S24 Ultra",
      "action_flag": 2,
      "change_message": "[{\"changed\": {\"fields\": [\"Goods img\"]}}]"
    }
  },
  {
    "model": "admin.logentry",
    "pk": 17,
    "fields": {
      "action_time": "2025-09-22T16:37:59.953",
      "user": 1,
      "content_type": 3,
      "object_id": "4",
      "object_repr": "Samsung Galaxy S24 Ultra",
      "action_flag": 2,
      "change_message": "[{\"changed\": {\"fields\": [\"Goods img\"]}}]"
    }
  },
  {
    "model": "admin.logentry",
    "pk": 18,
    "fields": {
      "action_time": "2025-09-22T16:38:05.754",
      "user": 1,
      "content_type": 3,
      "object_id": "3",
      "object_repr": "Apple iPhone Air",
      "action_flag": 2,
      "change_message": "[{\"changed\": {\"fields\": [\"Goods img\"]}}]"
    }
  },
  {
    "model": "admin.logentry",
    "pk": 19,
    "fields": {
      "action_time": "2025-09-22T16:38:11.334",
      "user": 1,
      "content_type": 3,
      "object_id": "2",
      "object_repr": "Apple iPhone 17 Pro Max",
      "action_flag": 2,
      "change_message": "[{\"changed\": {\"fields\": [\"Goods img\"]}}]"
    }
  },
  {
    "model": "admin.logentry",
    "pk": 20,
    "fields": {
      "action_time": "2025-09-22T16:38:17.876",
      "user": 1,
      "content_type": 3,
      "object_id": "1",
      "object_repr": "Apple iPhone 17",
      "action_flag": 2,
      "change_message": "[{\"changed\": {\"fields\": [\"Goods img\"]}}]"
    }
  },
  {
    "model": "admin.logentry",
    "pk": 21,
    "fields": {
      "action_time": "2025-09-22T16:39:27.295",
      "user": 1,
      "content_type": 3,
      "object_id": "4",
      "object_repr": "Samsung Galaxy S24 Ultra",
      "action_flag": 2,
      "change_message": "[{\"changed\": {\"fields\": [\"Goods img\"]}}]"
    }
  },
  {
    "model": "admin.logentry",
    "pk": 22,
    "fields": {
      "action_time": "2025-09-22T16:39:32.921",
      "user": 1,
      "content_type": 3,
      "object_id": "3",
      "object_repr": "Apple iPhone Air",
      "action_flag": 2,
      "change_message": "[{\"changed\": {\"fields\": [\"Goods img\"]}}]"
    }
  },
  {
    "model": "admin.logentry",
    "pk": 23,
    "fields": {
      "action_time": "2025-09-22T16:39:39.032",
      "user": 1,
      "content_type": 3,
      "object_id": "2",
      "object_repr": "Apple iPhone 17 Pro Max",
      "action_flag": 2,
      "change_message": "[{\"changed\": {\"fields\": [\"Goods img\"]}}]"
    }
  },
  {
    "model": "admin.logentry",
    "pk": 24,
    "fields": {
      "action_time": "2025-09-22T16:39:44.897",
      "user": 1,
      "content_type": 3,
      "object_id": "1",
      "object_repr": "Apple iPhone 17",
      "action_flag": 2,
      "change_message": "[{\"changed\": {\"fields\": [\"Goods img\"]}}]"
    }
  },
  {
    "model": "admin.logentry",
    "pk": 25,
    "fields": {
      "action_time": "2025-09-22T16:46:25.394",
      "user": 1,
      "content_type": 10,
      "object_id": "1",
      "object_repr": "Samsung Galaxy S24 Ultra: 25",
      "action_flag": 1,
      "change_message": "[{\"added\": {}}]"
    }
  },
  {
    "model": "admin.logentry",
    "pk": 26,
    "fields": {
      "action_time": "2025-09-22T16:46:33.030",
      "user": 1,
      "content_type": 10,
      "object_id": "2",
      "object_repr": "Apple iPhone Air: 3",
      "action_flag": 1,
      "change_message": "[{\"added\": {}}]"
    }
  },
  {
    "model": "admin.logentry",
    "pk": 27,
    "fields": {
      "action_time": "2025-09-22T16:46:39.234",
      "user": 1,
      "content_type": 10,
      "object_id": "3",
      "object_repr": "Apple iPhone 17 Pro Max: 4",
      "action_flag": 1,
      "change_message": "[{\"added\": {}}]"
    }
  },
  {
    "model": "admin.logentry",
    "pk": 28,
    "fields": {
      "action_time": "2025-09-22T16:46:44.126",
      "user": 1,
      "content_type": 10,
      "object_id": "4",
      "object_repr": "Apple iPhone 17: 12",
      "action_flag": 1,
      "change_message": "[{\"added\": {}}]"
    }
  },
  {
    "model": "admin.logentry",
    "pk": 29,
    "fields": {
      "action_time": "2025-09-22T17:08:30.086",
      "user": 1,
      "content_type": 2,
      "object_id": "1",
      "object_repr": "Customers object (1)",
      "action_flag": 1,
      "change_message": "[{\"added\": {}}]"
    }
  },
  {
    "model": "admin.logentry",
    "pk": 30,
    "fields": {
      "action_time": "2025-09-22T17:09:58.247",
      "user": 1,
      "content_type": 6,
      "object_id": "1",
      "object_repr": "Cart object (1)",
      "action_flag": 1,
      "change_message": "[{\"added\": {}}]"
    }
  },
  {
    "model": "admin.logentry",
    "pk": 31,
    "fields": {
      "action_time": "2025-09-22T17:10:19.841",
      "user": 1,
      "content_type": 6,
      "object_id": "2",
      "object_repr": "Cart object (2)",
      "action_flag": 1,
      "change_message": "[{\"added\": {}}]"
    }
  },
  {
    "model": "admin.logentry",
    "pk": 32,
    "fields": {
      "action_time": "2025-09-24T15:15:37.053",
      "user": 1,
      "content_type": 10,
      "object_id": "2",
      "object_repr": "Apple iPhone Air: 100",
      "action_flag": 2,
      "change_message": "[{\"changed\": {\"fields\": [\"Goods cnt\"]}}]"
    }
  },
  {
    "model": "admin.logentry",
    "pk": 33,
    "fields": {
      "action_time": "2025-09-24T15:15:41.751",
      "user": 1,
      "content_type": 10,
      "object_id": "1",
      "object_repr": "Samsung Galaxy S24 Ultra: 100",
      "action_flag": 2,
      "change_message": "[{\"changed\": {\"fields\": [\"Goods cnt\"]}}]"
    }
  },
  {
    "model": "admin.logentry",
    "pk": 34,
    "fields": {
      "action_time": "2025-09-24T15:15:46.625",
      "user": 1,
      "content_type": 10,
      "object_id": "3",
      "object_repr": "Apple iPhone 17 Pro Max: 400",
      "action_flag": 2,
      "change_message": "[{\"changed\": {\"fields\": [\"Goods cnt\"]}}]"
    }
  },
  {
    "model": "admin.logentry",
    "pk": 35,
    "fields": {
      "action_time": "2025-09-24T15:49:46.445",
      "user": 1,
      "content_type": 10,
      "object_id": "4",
      "object_repr": "Apple iPhone 17: 700",
      "action_flag": 2,
      "change_message": "[{\"changed\": {\"fields\": [\"Goods cnt\"]}}]"
    }
  },
  {
    "model": "admin.logentry",
    "pk": 36,
    "fields": {
      "action_time": "2025-09-26T09:39:22.733",
      "user": 1,
      "content_type": 3,
      "object_id": "5",
      "object_repr": "Apple iPad Pro M4 11",
      "action_flag": 1,
      "change_message": "[{\"added\": {}}]"
    }
  },
  {
    "model": "auth.permission",
    "pk": 1,
    "fields": {
      "name": "Can add user",
      "content_type": 1,
      "codename": "add_user"
    }
  },
  {
    "model": "auth.permission",
    "pk": 2,
    "fields": {
      "name": "Can change user",
      "content_type": 1,
      "codename": "change_user"
    }
  },
  {
    "model": "auth.permission",
    "pk": 3,
    "fields": {
      "name": "Can delete user",
      "content_type": 1,
      "codename": "delete_user"
    }
  },
  {
    "model": "auth.permission",
    "pk": 4,
    "fields": {
      "name": "Can view user",
      "content_type": 1,
      "codename": "view_user"
    }
  },
  {
    "model": "auth.permission",
    "pk": 5,
    "fields": {
      "name": "Can add customers",
      "content_type": 2,
      "codename": "add_customers"
    }
  },
  {
    "model": "auth.permission",
    "pk": 6,
    "fields": {
      "name": "Can change customers",
      "content_type": 2,
      "codename": "change_customers"
    }
  },
  {
    "model": "auth.permission",
    "pk": 7,
    "fields": {
      "name": "Can delete customers",
      "content_type": 2,
      "codename": "delete_customers"
    }
  },
  {
    "model": "auth.permission",
    "pk": 8,
    "fields": {
      "name": "Can view customers",
      "content_type": 2,
      "codename": "view_customers"
    }
  },
  {
    "model": "auth.permission",
    "pk": 9,
    "fields": {
      "name": "Can add goods",
      "content_type": 3,
      "codename": "add_goods"
    }
  },
  {
    "model": "auth.permission",
    "pk": 10,
    "fields": {
      "name": "Can change goods",
      "content_type": 3,
      "codename": "change_goods"
    }
  },
  {
    "model": "auth.permission",
    "pk": 11,
    "fields": {
      "name": "Can delete goods",
      "content_type": 3,
      "codename": "delete_goods"
    }
  },
  {
    "model": "auth.permission",
    "pk": 12,
    "fields": {
      "name": "Can view goods",
      "content_type": 3,
      "codename": "view_goods"
    }
  },
  {
    "model": "auth.permission",
    "pk": 13,
    "fields": {
      "name": "Can add goods_category",
      "content_type": 4,
      "codename": "add_goods_category"
    }
  },
  {
    "model": "auth.permission",
    "pk": 14,
    "fields": {
      "name": "Can change goods_category",
      "content_type": 4,
      "codename": "change_goods_category"
    }
  },
  {
    "model": "auth.permission",
    "pk": 15,
    "fields": {
      "name": "Can delete goods_category",
      "content_type": 4,
      "codename": "delete_goods_category"
    }
  },
  {
    "model": "auth.permission",
    "pk": 16,
    "fields": {
      "name": "Can view goods_category",
      "content_type": 4,
      "codename": "view_goods_category"
    }
  },
  {
    "model": "auth.permission",
    "pk": 17,
    "fields": {
      "name": "Can add status",
      "content_type": 5,
      "codename": "add_status"
    }
  },
  {
    "model": "auth.permission",
    "pk": 18,
    "fields": {
      "name": "Can change status",
      "content_type": 5,
      "codename": "change_status"
    }
  },
  {
    "model": "auth.permission",
    "pk": 19,
    "fields": {
      "name": "Can delete status",
      "content_type": 5,
      "codename": "delete_status"
    }
  },
  {
    "model": "auth.permission",
    "pk": 20,
    "fields": {
      "name": "Can view status",
      "content_type": 5,
      "codename": "view_status"
    }
  },
  {
    "model": "auth.permission",
    "pk": 21,
    "fields": {
      "name": "Can add cart",
      "content_type": 6,
      "codename": "add_cart"
    }
  },
  {
    "model": "auth.permission",
    "pk": 22,
    "fields": {
      "name": "Can change cart",
      "content_type": 6,
      "codename": "change_cart"
    }
  },
  {
    "model": "auth.permission",
    "pk": 23,
    "fields": {
      "name": "Can delete cart",
      "content_type": 6,
      "codename": "delete_cart"
    }
  },
  {
    "model": "auth.permission",
    "pk": 24,
    "fields": {
      "name": "Can view cart",
      "content_type": 6,
      "codename": "view_cart"
    }
  },
  {
    "model": "auth.permission",
    "pk": 25,
    "fields": {
      "name": "Can add orders",
      "content_type": 7,
      "codename": "add_orders"
    }
  },
  {
    "model": "auth.permission",
    "pk": 26,
    "fields": {
      "name": "Can change orders",
      "content_type": 7,
      "codename": "change_orders"
    }
  },
  {
    "model": "auth.permission",
    "pk": 27,
    "fields": {
      "name": "Can delete orders",
      "content_type": 7,
      "codename": "delete_orders"
    }
  },
  {
    "model": "auth.permission",
    "pk": 28,
    "fields": {
      "name": "Can view orders",
      "content_type": 7,
      "codename": "view_orders"
    }
  },
  {
    "model": "auth.permission",
    "pk": 29,
    "fields": {
      "name": "Can add order_goods",
      "content_type": 8,
      "codename": "add_order_goods"
    }
  },
  {
    "model": "auth.permission",
    "pk": 30,
    "fields": {
      "name": "Can change order_goods",
      "content_type": 8,
      "codename": "change_order_goods"
    }
  },
  {
    "model": "auth.permission",
    "pk": 31,
    "fields": {
      "name": "Can delete order_goods",
      "content_type": 8,
      "codename": "delete_order_goods"
    }
  },
  {
    "model": "auth.permission",
    "pk": 32,
    "fields": {
      "name": "Can view order_goods",
      "content_type": 8,
      "codename": "view_order_goods"
    }
  },
  {
    "model": "auth.permission",
    "pk": 33,
    "fields": {
      "name": "Can add order_status",
      "content_type": 9,
      "codename": "add_order_status"
    }
  },
  {
    "model": "auth.permission",
    "pk": 34,
    "fields": {
      "name": "Can change order_status",
      "content_type": 9,
      "codename": "change_order_status"
    }
  },
  {
    "model": "auth.permission",
    "pk": 35,
    "fields": {
      "name": "Can delete order_status",
      "content_type": 9,
      "codename": "delete_order_status"
    }
  },
  {
    "model": "auth.permission",
    "pk": 36,
    "fields": {
      "name": "Can view order_status",
      "content_type": 9,
      "codename": "view_order_status"
    }
  },
  {
    "model": "auth.permission",
    "pk": 37,
    "fields": {
      "name": "Can add warehouse",
      "content_type": 10,
      "codename": "add_warehouse"
    }
  },
  {
    "model": "auth.permission",
    "pk": 38,
    "fields": {
      "name": "Can change warehouse",
      "content_type": 10,
      "codename": "change_warehouse"
    }
  },
  {
    "model": "auth.permission",
    "pk": 39,
    "fields": {
      "name": "Can delete warehouse",
      "content_type": 10,
      "codename": "delete_warehouse"
    }
  },
  {
    "model": "auth.permission",
    "pk": 40,
    "fields": {
      "name": "Can view warehouse",
      "content_type": 10,
      "codename": "view_warehouse"
    }
  },
  {
    "model": "auth.permission",
    "pk": 41,
    "fields": {
      "name": "Can add Theme",
      "content_type": 11,
      "codename": "add_theme"
    }
  },
  {
    "model": "auth.permission",
    "pk": 42,
    "fields": {
      "name": "Can change Theme",
      "content_type": 11,
      "codename": "change_theme"
    }
  },
  {
    "model": "auth.permission",
    "pk": 43,
    "fields": {
      "name": "Can delete Theme",
      "content_type": 11,
      "codename": "delete_theme"
    }
  },
  {
    "model": "auth.permission",
    "pk": 44,
    "fields": {
      "name": "Can view Theme",
      "content_type": 11,
      "codename": "view_theme"
    }
  },
  {
    "model": "auth.permission",
    "pk": 45,
    "fields": {
      "name": "Can add log entry",
      "content_type": 12,
      "codename": "add_logentry"
    }
  },
  {
    "model": "auth.permission",
    "pk": 46,
    "fields": {
      "name": "Can change log entry",
      "content_type": 12,
      "codename": "change_logentry"
    }
  },
  {
    "model": "auth.permission",
    "pk": 47,
    "fields": {
      "name": "Can delete log entry",
      "content_type": 12,
      "codename": "delete_logentry"
    }
  },
  {
    "model": "auth.permission",
    "pk": 48,
    "fields": {
      "name": "Can view log entry",
      "content_type": 12,
      "codename": "view_logentry"
    }
  },
  {
    "model": "auth.permission",
    "pk": 49,
    "fields": {
      "name": "Can add permission",
      "content_type": 13,
      "codename": "add_permission"
    }
  },
  {
    "model": "auth.permission",
    "pk": 50,
    "fields": {
      "name": "Can change permission",
      "content_type": 13,
      "codename": "change_permission"
    }
  },
  {
    "model": "auth.permission",
    "pk": 51,
    "fields": {
      "name": "Can delete permission",
      "content_type": 13,
      "codename": "delete_permission"
    }
  },
  {
    "model": "auth.permission",
    "pk": 52,
    "fields": {
      "name": "Can view permission",
      "content_type": 13,
      "codename": "view_permission"
    }
  },
  {
    "model": "auth.permission",
    "pk": 53,
    "fields": {
      "name": "Can add group",
      "content_type": 14,
      "codename": "add_group"
    }
  },
  {
    "model": "auth.permission",
    "pk": 54,
    "fields": {
      "name": "Can change group",
      "content_type": 14,
      "codename": "change_group"
    }
  },
  {
    "model": "auth.permission",
    "pk": 55,
    "fields": {
      "name": "Can delete group",
      "content_type": 14,
      "codename": "delete_group"
    }
  },
  {
    "model": "auth.permission",
    "pk": 56,
    "fields": {
      "name": "Can view group",
      "content_type": 14,
      "codename": "view_group"
    }
  },
  {
    "model": "auth.permission",
    "pk": 57,
    "fields": {
      "name": "Can add content type",
      "content_type": 15,
      "codename": "add_contenttype"
    }
  },
  {
    "model": "auth.permission",
    "pk": 58,
    "fields": {
      "name": "Can change content type",
      "content_type": 15,
      "codename": "change_contenttype"
    }
  },
  {
    "model": "auth.permission",
    "pk": 59,
    "fields": {
      "name": "Can delete content type",
      "content_type": 15,
      "codename": "delete_contenttype"
    }
  },
  {
    "model": "auth.permission",
    "pk": 60,
    "fields": {
      "name": "Can view content type",
      "content_type": 15,
      "codename": "view_contenttype"
    }
  },
  {
    "model": "auth.permission",
    "pk": 61,
    "fields": {
      "name": "Can add session",
      "content_type": 16,
      "codename": "add_session"
    }
  },
  {
    "model": "auth.permission",
    "pk": 62,
    "fields": {
      "name": "Can change session",
      "content_type": 16,
      "codename": "change_session"
    }
  },
  {
    "model": "auth.permission",
    "pk": 63,
    "fields": {
      "name": "Can delete session",
      "content_type": 16,
      "codename": "delete_session"
    }
  },
  {
    "model": "auth.permission",
    "pk": 64,
    "fields": {
      "name": "Can view session",
      "content_type": 16,
      "codename": "view_session"
    }
  },
  {
    "model": "auth.permission",
    "pk": 65,
    "fields": {
      "name": "Can add brand",
      "content_type": 17,
      "codename": "add_brand"
    }
  },
  {
    "model": "auth.permission",
    "pk": 66,
    "fields": {
      "name": "Can change brand",
      "content_type": 17,
      "codename": "change_brand"
    }
  },
  {
    "model": "auth.permission",
    "pk": 67,
    "fields": {
      "name": "Can delete brand",
      "content_type": 17,
      "codename": "delete_brand"
    }
  },
  {
    "model": "auth.permission",
    "pk": 68,
    "fields": {
      "name": "Can view brand",
      "content_type": 17,
      "codename": "view_brand"
    }
  },
  {
    "model": "contenttypes.contenttype",
    "pk": 1,
    "fields": {
      "app_label": "users",
      "model": "user"
    }
  },
  {
    "model": "contenttypes.contenttype",
    "pk": 2,
    "fields": {
      "app_label": "users",
      "model": "customers"
    }
  },
  {
    "model": "contenttypes.contenttype",
    "pk": 3,
    "fields": {
      "app_label": "users",
      "model": "goods"
    }
  },
  {
    "model": "contenttypes.contenttype",
    "pk": 4,
    "fields": {
      "app_label": "users",
      "model": "goods_category"
    }
  },
  {
    "model": "contenttypes.contenttype",
    "pk": 5,
    "fields": {
      "app_label": "users",
      "model": "status"
    }
  },
  {
    "model": "contenttypes.contenttype",
    "pk": 6,
    "fields": {
      "app_label": "users",
      "model": "cart"
    }
  },
  {
    "model": "contenttypes.contenttype",
    "pk": 7,
    "fields": {
      "app_label": "users",
      "model": "orders"
    }
  },
  {
    "model": "contenttypes.contenttype",
    "pk": 8,
    "fields": {
      "app_label": "users",
      "model": "order_goods"
    }
  },
  {
    "model": "contenttypes.contenttype",
    "pk": 9,
    "fields": {
      "app_label": "users",
      "model": "order_status"
    }
  },
  {
    "model": "contenttypes.contenttype",
    "pk": 10,
    "fields": {
      "app_label": "users",
      "model": "warehouse"
    }
  },
  {
    "model": "contenttypes.contenttype",
    "pk": 11,
    "fields": {
      "app_label": "admin_interface",
      "model": "theme"
    }
  },
  {
    "model": "contenttypes.contenttype",
    "pk": 12,
    "fields": {
      "app_label": "admin",
      "model": "logentry"
    }
  },
  {
    "model": "contenttypes.contenttype",
    "pk": 13,
    "fields": {
      "app_label": "auth",
      "model": "permission"
    }
  },
  {
    "model": "contenttypes.contenttype",
    "pk": 14,
    "fields": {
      "app_label": "auth",
      "model": "group"
    }
  },
  {
    "model": "contenttypes.contenttype",
    "pk": 15,
    "fields": {
      "app_label": "contenttypes",
      "model": "contenttype"
    }
  },
  {
    "model": "contenttypes.contenttype",
    "pk": 16,
    "fields": {
      "app_label": "sessions",
      "model": "session"
    }
  },
  {
    "model": "contenttypes.contenttype",
    "pk": 17,
    "fields": {
      "app_label": "users",
      "model": "brand"
    }
  },
  {
    "model": "sessions.session",
    "pk": "qv215v4759uevstuker8e6cfpzdr560i",
    "fields": {
      "session_data": ".eJxVjDsOwjAQBe_iGlnZ3TheU9JzBmvjDw4gR4qTCnF3iJQC2jcz76W8bGvxW0uLn6I6K1Cn322U8Eh1B_Eu9TbrMNd1mUa9K_qgTV_nmJ6Xw_07KNLKtybGAOBywmwFhISImXjkoWcH1NsIgbpkEYeUB2NcgMg9WWewwxg69f4Auks2ig:1v0f0X:FCxVWMnEQgjEgS_7b9x8XyG4tWDERkhSWkTCXBgESNQ",
      "expire_date": "2025-10-06T14:47:01.988"
    }
  }
]